{
  "runtime_s": 9.026,
  "total_days": 638,
  "ablation": [
    {
      "stage": "Baseline (V44)",
      "n": 6696,
      "pf": 1.5824997229781574,
      "wr": 70.20609318996416,
      "dd_pct": 2.151893015145473,
      "sharpe": 7.040566087363325,
      "pnl": 229.40760997787885,
      "pnl_pct": 45.88152199557577,
      "tpd": 10.495297805642632
    },
    {
      "stage": "+M1 sizing",
      "n": 6696,
      "pf": 1.6353712118830892,
      "wr": 70.20609318996416,
      "dd_pct": 1.9593726339064526,
      "sharpe": 6.978463439162067,
      "pnl": 227.17594271252204,
      "pnl_pct": 45.435188542504406,
      "tpd": 10.495297805642632
    },
    {
      "stage": "+M1+M2 multiwin",
      "n": 19666,
      "pf": 1.6570212929478663,
      "wr": 70.52781450218652,
      "dd_pct": 3.8997321220367365,
      "sharpe": 10.068961335672512,
      "pnl": 1049.6755549890945,
      "pnl_pct": 209.93511099781892,
      "tpd": 30.82445141065831
    },
    {
      "stage": "+M1+M2+M3 dynTP/SL (FASE 1 final)",
      "n": 19549,
      "pf": 1.5321094452236537,
      "wr": 66.05452964346003,
      "dd_pct": 3.5925725502537276,
      "sharpe": 8.780798473661346,
      "pnl": 1176.3447427222923,
      "pnl_pct": 235.26894854445842,
      "tpd": 30.641065830721004
    }
  ],
  "gates_fase1": {
    "wr_ge_70": false,
    "pf_ge_145": true,
    "tpd_ge_16": true,
    "dd_le_2": false
  },
  "pass_intermediate": false
}