{
  "runtime_s": 7.04,
  "training": {
    "baseline": {
      "n": 72,
      "pf": 1.859271883743605,
      "wr": 73.61111111111111,
      "dd_pct": 0.09871738873356638,
      "sharpe": 9.030508235820701,
      "pnl": 2.7011112367143397,
      "pnl_pct": 0.540222247342868,
      "tpd": 0.26373626373626374
    },
    "elite": {
      "n": 209,
      "pf": 2.1225767937171267,
      "wr": 74.16267942583733,
      "dd_pct": 0.1595229306592556,
      "sharpe": 13.19769080694338,
      "pnl": 8.662100487779789,
      "pnl_pct": 1.7324200975559578,
      "tpd": 0.7655677655677655
    },
    "span_d": 273
  },
  "holdout": {
    "baseline": {
      "n": 6315,
      "pf": 1.577176080914564,
      "wr": 70.15043547110056,
      "dd_pct": 2.168283655220698,
      "sharpe": 8.124117788039005,
      "pnl": 212.60356757469043,
      "pnl_pct": 42.52071351493809,
      "tpd": 17.3489010989011
    },
    "elite": {
      "n": 18540,
      "pf": 1.6483796500785506,
      "wr": 70.50701186623517,
      "dd_pct": 3.983255210760507,
      "sharpe": 11.93709523963081,
      "pnl": 949.1504111706879,
      "pnl_pct": 189.83008223413756,
      "tpd": 50.934065934065934
    },
    "span_d": 364
  },
  "periods_elite": {
    "p7": {
      "n": 21,
      "pf": 1.3321554927523298,
      "wr": 66.66666666666666,
      "dd_pct": 0.030956222890865335,
      "sharpe": 11.9631813698281,
      "pnl": 0.2700073483054738,
      "pnl_pct": 0.05400146966109475,
      "tpd": 3
    },
    "p30": {
      "n": 88,
      "pf": 1.4949761204739302,
      "wr": 68.18181818181817,
      "dd_pct": 0.10800526444659085,
      "sharpe": 6.878757669441994,
      "pnl": 1.6824688316054628,
      "pnl_pct": 0.33649376632109257,
      "tpd": 2.933333333333333
    },
    "p60": {
      "n": 194,
      "pf": 2.1614753079306293,
      "wr": 74.22680412371135,
      "dd_pct": 0.1596336610531704,
      "sharpe": 12.968460642270847,
      "pnl": 8.309265412865546,
      "pnl_pct": 1.661853082573109,
      "tpd": 3.2333333333333334
    },
    "p120": {
      "n": 199,
      "pf": 2.1694932854138056,
      "wr": 74.37185929648241,
      "dd_pct": 0.15957322964390958,
      "sharpe": 13.109804162674664,
      "pnl": 8.50176540373347,
      "pnl_pct": 1.700353080746694,
      "tpd": 1.6583333333333334
    }
  },
  "gates": {
    "walkforward_wr": {
      "target": "≥70%",
      "actual": "74.2%",
      "pass": true
    },
    "walkforward_pf": {
      "target": "≥1.50",
      "actual": "2.12",
      "pass": true
    },
    "walkforward_dd": {
      "target": "≤3%",
      "actual": "0.16%",
      "pass": true
    },
    "walkforward_tpd": {
      "target": "≥12",
      "actual": "0.8",
      "pass": false
    },
    "pnl_120d": {
      "target": "≥20%",
      "actual": "1.7%",
      "pass": false
    },
    "holdout_wr": {
      "target": "≥65%",
      "actual": "70.5%",
      "pass": true
    },
    "holdout_pf": {
      "target": "≥1.35",
      "actual": "1.65",
      "pass": true
    },
    "holdout_dd": {
      "target": "≤5%",
      "actual": "3.98%",
      "pass": true
    },
    "holdout_tpd": {
      "target": "≥10",
      "actual": "50.9",
      "pass": true
    },
    "all_periods_positive": {
      "target": "all+",
      "actual": "YES",
      "pass": true
    }
  },
  "gates_passed": "8/10",
  "verdict": "🟡 DEPLOY with warnings (7-8/10 gates pass)"
}