{
  "config": {
    "QUALITY_THRESHOLD": 1.101,
    "LEVERAGE": 3,
    "COMPOUNDING": true
  },
  "full_638d": {
    "n": 7867,
    "pf": 1.87278509998941,
    "wr": 73.5858650057201,
    "maxDD_pct": 4.5832868704282745,
    "finalCap": 2922.2902532990142,
    "pnl": 2422.2902532990142,
    "pnl_pct": 484.4580506598028,
    "liqEvents": 0,
    "marginMax": 10.000000000000002,
    "worstTradePct": 0.09900000000000163,
    "tpd": 12.330721003134796
  },
  "periods": {
    "7": {
      "n": 1,
      "pf": 99,
      "wr": 100,
      "maxDD_pct": 0,
      "finalCap": 500.33,
      "pnl": 0.3299999999999841,
      "pnl_pct": 0.06599999999999681,
      "liqEvents": 0,
      "marginMax": 10,
      "worstTradePct": 0
    },
    "30": {
      "n": 29,
      "pf": 1.4798020311168436,
      "wr": 68.96551724137932,
      "maxDD_pct": 0.494183448524325,
      "finalCap": 502.14520506057215,
      "pnl": 2.1452050605721524,
      "pnl_pct": 0.4290410121144305,
      "liqEvents": 0,
      "marginMax": 10.000000000000002,
      "worstTradePct": 0.09899999999999966
    },
    "60": {
      "n": 148,
      "pf": 2.407068550597532,
      "wr": 78.37837837837837,
      "maxDD_pct": 0.49418344852431306,
      "finalCap": 522.9297599128371,
      "pnl": 22.929759912837085,
      "pnl_pct": 4.585951982567417,
      "liqEvents": 0,
      "marginMax": 10.000000000000002,
      "worstTradePct": 0.09900000000000037
    },
    "120": {
      "n": 168,
      "pf": 2.6116666309584735,
      "wr": 79.76190476190477,
      "maxDD_pct": 0.49418344852433904,
      "finalCap": 528.129887946769,
      "pnl": 28.12988794676903,
      "pnl_pct": 5.625977589353806,
      "liqEvents": 0,
      "marginMax": 10.000000000000002,
      "worstTradePct": 0.0990000000000004
    }
  },
  "holdout": {
    "n": 7545,
    "pf": 1.8517733283358764,
    "wr": 73.47912524850895,
    "maxDD_pct": 4.5832868704282745,
    "finalCap": 2683.1426509477615,
    "pnl": 2183.1426509477615,
    "pnl_pct": 436.6285301895523,
    "liqEvents": 0,
    "marginMax": 10.000000000000002,
    "worstTradePct": 0.0990000000000016,
    "tpd": 20.728021978021978,
    "span_d": 364
  },
  "training": {
    "n": 75,
    "pf": 2.899241271403406,
    "wr": 81.33333333333333,
    "maxDD_pct": 0.3954123280235214,
    "finalCap": 513.3654415377343,
    "pnl": 13.365441537734341,
    "pnl_pct": 2.6730883075468683,
    "liqEvents": 0,
    "marginMax": 10.000000000000002,
    "worstTradePct": 0.09900000000000035,
    "tpd": 0.27472527472527475,
    "span_d": 273
  },
  "stress_tests": [
    {
      "event": "Aug 2024 flash crash",
      "n": 336,
      "pf": 2.260699256249744,
      "wr": 77.08333333333334,
      "maxDD_pct": 1.1163324638454895,
      "finalCap": 549.6182543599786,
      "pnl": 49.61825435997855,
      "pnl_pct": 9.92365087199571,
      "liqEvents": 0,
      "marginMax": 10.000000000000002,
      "worstTradePct": 0.09900000000000134
    },
    {
      "event": "Nov 2024 rally peak",
      "n": 715,
      "pf": 1.625099063953992,
      "wr": 70.4895104895105,
      "maxDD_pct": 3.6967427414258944,
      "finalCap": 566.6796648723457,
      "pnl": 66.67966487234571,
      "pnl_pct": 13.335932974469141,
      "liqEvents": 0,
      "marginMax": 10.000000000000002,
      "worstTradePct": 0.09900000000000139
    },
    {
      "event": "Feb 2025 pullback",
      "n": 275,
      "pf": 3.6182515762347003,
      "wr": 84.36363636363636,
      "maxDD_pct": 0.5598139713032708,
      "finalCap": 558.1540123243886,
      "pnl": 58.154012324388646,
      "pnl_pct": 11.630802464877728,
      "liqEvents": 0,
      "marginMax": 10.000000000000002,
      "worstTradePct": 0.0990000000000006
    },
    {
      "event": "Mar 2026 chop",
      "n": 15,
      "pf": 2.665198147761956,
      "wr": 80,
      "maxDD_pct": 0.0990000000000009,
      "finalCap": 502.47908383129294,
      "pnl": 2.4790838312929395,
      "pnl_pct": 0.4958167662585879,
      "liqEvents": 0,
      "marginMax": 10,
      "worstTradePct": 0.09899999999999948
    }
  ],
  "gates": {
    "wf_pf": {
      "target": "≥1.55",
      "actual": "2.90",
      "pass": true
    },
    "wf_wr": {
      "target": "≥70%",
      "actual": "81.3%",
      "pass": true
    },
    "wf_dd": {
      "target": "≤5%",
      "actual": "0.40%",
      "pass": true
    },
    "wf_tpd": {
      "target": "≥12",
      "actual": "0.3",
      "pass": false
    },
    "wf_pnl": {
      "target": "≥40%",
      "actual": "5.6%",
      "pass": false
    },
    "holdout_pf": {
      "target": "≥1.35",
      "actual": "1.85",
      "pass": true
    },
    "holdout_wr": {
      "target": "≥65%",
      "actual": "73.5%",
      "pass": true
    },
    "holdout_dd": {
      "target": "≤7%",
      "actual": "4.58%",
      "pass": true
    },
    "stress_all_ok": {
      "target": "DD≤8% all",
      "actual": "YES",
      "pass": true
    },
    "zero_liq": {
      "target": "0",
      "actual": "0",
      "pass": true
    }
  },
  "gates_passed": "8/10",
  "verdict": "🟡 DEPLOY w/ warnings"
}