{
  "bootstrap": {
    "baseline": {
      "pnl": {
        "p2_5": 140.34449650503217,
        "p50": 202.39695996690878,
        "p97_5": 260.58376952140475
      },
      "pf": {
        "p2_5": 1.9615228799715667,
        "p50": 2.7168295200038752,
        "p97_5": 3.796869700093402
      }
    },
    "v44_5": {
      "pnl": {
        "p2_5": 263.8831972336528,
        "p50": 355.69526680308473,
        "p97_5": 444.9402745846544
      },
      "pf": {
        "p2_5": 2.4009295220054567,
        "p50": 3.4112072424010074,
        "p97_5": 4.8965373732757715
      }
    },
    "supreme": {
      "pnl": {
        "p2_5": 287.1387568208612,
        "p50": 350.9823750582408,
        "p97_5": 412.71092002674817
      },
      "pf": {
        "p2_5": 4.637417006783069,
        "p50": 6.587875587095648,
        "p97_5": 9.490370425081352
      }
    }
  },
  "monteCarlo": {
    "baseline": {
      "dd": {
        "p50": 10.706265998894622,
        "p95": 15.97335558206025,
        "p99": 20.142557618280307,
        "max": 29.24094109633718
      },
      "pnl": {
        "p5": 200.99171031460156,
        "p50": 200.9917103146017
      }
    },
    "v44_5": {
      "dd": {
        "p50": 15.26431271718377,
        "p95": 23.371002388792334,
        "p99": 27.598122483285863,
        "max": 32.0039627061831
      },
      "pnl": {
        "p5": 353.90699789429993,
        "p50": 353.9069978943002
      }
    },
    "supreme": {
      "dd": {
        "p50": 5.044614410100692,
        "p95": 7.792987380122696,
        "p99": 9.863712189642818,
        "max": 11.969246138614324
      },
      "pnl": {
        "p5": 350.7617491237565,
        "p50": 350.7617491237568
      }
    }
  },
  "windows7d": {
    "baseline": {
      "n": 354,
      "posPct": 86.4406779661017,
      "worst": -10.737810387937337,
      "best": 13.263988672384373,
      "p5": -2.8154725441138746,
      "p25": 1.3339911976694454,
      "p50": 4.212832690443008,
      "p75": 6.797155857792028,
      "p95": 10.125364929124373
    },
    "v44_5": {
      "n": 354,
      "posPct": 90.67796610169492,
      "worst": -15.135144511318105,
      "best": 21.760285847501994,
      "p5": -2.687814309651893,
      "p25": 2.786593255419984,
      "p50": 6.628233940789824,
      "p75": 11.554389465433523,
      "p95": 17.5921364966099
    },
    "supreme": {
      "n": 354,
      "posPct": 96.61016949152543,
      "worst": -3.9001927154248777,
      "best": 17.676206265103932,
      "p5": 0.575530181054384,
      "p25": 3.55106299759967,
      "p50": 6.833813802986656,
      "p75": 9.850479578575214,
      "p95": 14.087226620620312
    }
  },
  "sensitivity": {
    "results": [
      {
        "thr": 0.085,
        "pf": 2.083344082659699,
        "pnl": 353.47666549527264,
        "dd": 1.1286081667570216,
        "posPct": 96.61016949152543
      },
      {
        "thr": 0.1,
        "pf": 2.080991452283264,
        "pnl": 350.7617491237584,
        "dd": 1.1316309836983236,
        "posPct": 96.61016949152543
      },
      {
        "thr": 0.115,
        "pf": 2.0747122890505842,
        "pnl": 347.99629359504854,
        "dd": 1.142606763622996,
        "posPct": 96.32768361581921
      }
    ],
    "fragility": 0.41479236253680407,
    "gate7": true
  },
  "worstDays": [
    {
      "d": "2025-06-13",
      "p": -4.181321723101522
    },
    {
      "d": "2025-05-15",
      "p": -3.1150830634807827
    },
    {
      "d": "2025-01-08",
      "p": -3.0239931633865074
    },
    {
      "d": "2025-06-03",
      "p": -2.9513227619151263
    },
    {
      "d": "2025-04-11",
      "p": -2.726011503853437
    },
    {
      "d": "2025-05-31",
      "p": -2.5074139075096893
    },
    {
      "d": "2025-02-02",
      "p": -2.258718682128377
    },
    {
      "d": "2025-01-16",
      "p": -1.9284671334043924
    },
    {
      "d": "2025-04-20",
      "p": -1.8126015538169613
    },
    {
      "d": "2024-09-14",
      "p": -1.422556857884995
    }
  ],
  "bestDays": [
    {
      "d": "2025-05-21",
      "p": 8.169604171185986
    },
    {
      "d": "2025-05-30",
      "p": 8.041684253713477
    },
    {
      "d": "2025-06-11",
      "p": 7.920525825094392
    },
    {
      "d": "2025-02-18",
      "p": 7.614778744945296
    },
    {
      "d": "2025-04-07",
      "p": 6.742570222287711
    },
    {
      "d": "2025-06-25",
      "p": 5.817396514049518
    },
    {
      "d": "2025-02-11",
      "p": 5.48225162142047
    },
    {
      "d": "2025-02-24",
      "p": 5.335536501377033
    },
    {
      "d": "2025-04-30",
      "p": 5.275402770213194
    },
    {
      "d": "2024-12-18",
      "p": 5.156799698247628
    }
  ],
  "gates": {
    "PF holdout ≥1.55": true,
    "WR holdout ≥70%": false,
    "DD holdout ≤3.5%": true,
    "Sharpe holdout ≥8.0": true,
    "t/d ≥19": true,
    "%win7d ≥90%": true,
    "worst 7d ≥-2.0%": true,
    "Bootstrap PF lower CI ≥1.45": true,
    "MC DD p95 ≤4%": true,
    "Sensitivity <25%": true
  },
  "passed": 9,
  "total": 10
}