{
  "config": "baseline",
  "flags": {
    "P1": false,
    "P7": false,
    "P9": false
  },
  "stats": {
    "n": 5102,
    "wins": 1094,
    "losses": 4005,
    "pf": 0.3192439480821414,
    "wr": 21.442571540572324,
    "pnl": -23599.70846135504,
    "sharpe": 0,
    "mdd": 23599.70846135504,
    "mddPct": 235.9970846135504,
    "tpd": 5102,
    "days": 1,
    "grossProfit": 11067.201065000023,
    "grossLoss": 34666.90952635517,
    "avgWin": 10.1162715402194,
    "avgLoss": 8.655907497217271
  },
  "positivePct": 0,
  "worstWin": 0,
  "worstPct": 0,
  "windows7d_count": 0,
  "windows7d_positive": 0,
  "dailyPnL": {
    "2026-04-26": -23599.70846135504
  },
  "trades_summary": {
    "total": 5102,
    "by_outcome": {
      "TP_HIT": 1087,
      "SL_HIT": 4000,
      "TIME_STOP": 15
    },
    "by_pair": {
      "ADAUSDT": {
        "n": 337,
        "pnl": -1738.0499999999558
      },
      "ARBUSDT": {
        "n": 352,
        "pnl": -1879.424999999958
      },
      "ETHUSDT": {
        "n": 307,
        "pnl": -932.4749999999763
      },
      "XRPUSDT": {
        "n": 324,
        "pnl": -1866.8249999999603
      },
      "BTCUSDT": {
        "n": 338,
        "pnl": -589.7426895541786
      },
      "1000PEPEUSDT": {
        "n": 319,
        "pnl": -1992.7499999999561
      },
      "ATOMUSDT": {
        "n": 350,
        "pnl": -1492.199999999962
      },
      "LINKUSDT": {
        "n": 363,
        "pnl": -1944.74999999995
      },
      "SOLUSDT": {
        "n": 385,
        "pnl": -1436.2499999999643
      },
      "SUIUSDT": {
        "n": 349,
        "pnl": -2027.774999999953
      },
      "TRXUSDT": {
        "n": 309,
        "pnl": -661.6157718009189
      },
      "NEARUSDT": {
        "n": 372,
        "pnl": -2036.5499999999504
      },
      "INJUSDT": {
        "n": 354,
        "pnl": -1899.4499999999562
      },
      "POLUSDT": {
        "n": 328,
        "pnl": -1322.9999999999654
      },
      "RENDERUSDT": {
        "n": 315,
        "pnl": -1778.8499999999617
      }
    }
  },
  "runtime_s": 2.7
}