{
  "config": "t6_t8",
  "flags": {
    "P11": true,
    "P7": true,
    "T6": true,
    "T8": true,
    "T5": false
  },
  "trades": 6984,
  "pf": 1.362966692195711,
  "wr": 68.22737686139749,
  "pnl": 163.58868624650663,
  "mddPct": 3.2014791809642134,
  "sharpe": 5.034105511718595,
  "tpd": 19.4,
  "positivePct": 75.98870056497175,
  "worstWin": -10.015552158423702,
  "worstPct": -2.0031104316847403,
  "runtime_s": 0.3
}