{
  "config": "t9_on",
  "flags": {
    "P11": true,
    "P7": true,
    "T9": true
  },
  "trades": 6984,
  "pf": 1.330447011067461,
  "wr": 68.22737686139749,
  "pnl": 201.39552238811777,
  "mddPct": 5.560975213599704,
  "sharpe": 4.59690804699555,
  "tpd": 19.4,
  "positivePct": 76.55367231638418,
  "worstWin": -17.41079007463202,
  "worstPct": -3.4821580149264038,
  "runtime_s": 0.3
}