{
  "trades": 6984,
  "bootstrap": {
    "pfMean": 1.3969202936025256,
    "pfCI95": [
      1.3727806220172816,
      1.4196165728249635
    ],
    "pnlMean": 166.78235664927794,
    "pnlCI95": [
      158.96095184206837,
      174.57799045792592
    ],
    "pnlP5": 159.4777808479217
  },
  "mc": {
    "ddMean": 3.7976898128130947,
    "ddP50": 3.665796070051485,
    "ddP95": 5.299603807264845,
    "ddP99": 6.359490986129387
  },
  "gates": {
    "ciLowerPF": false,
    "p95DD": true,
    "pnlP5positive": true
  }
}