{
  "config": "t7_on",
  "flags": {
    "P11": true,
    "P7": true,
    "T7": true
  },
  "trades": 6943,
  "pf": 1.2370974282131124,
  "wr": 67.01713956502952,
  "pnl": 99.64020973472543,
  "mddPct": 3.555755011791558,
  "sharpe": 3.612853398135227,
  "tpd": 19.28611111111111,
  "positivePct": 70.05649717514125,
  "worstWin": -8.192391381954202,
  "worstPct": -1.6384782763908405,
  "runtime_s": 0.3
}