{
  "config": "t5_on",
  "flags": {
    "P11": true,
    "P7": true,
    "T5": true
  },
  "trades": 6984,
  "pf": 1.3295134018867396,
  "wr": 68.22737686139749,
  "pnl": 134.8359945878241,
  "mddPct": 3.2361410622231004,
  "sharpe": 4.925074378793943,
  "tpd": 19.4,
  "positivePct": 75.98870056497175,
  "worstWin": -9.767161997669204,
  "worstPct": -1.9534323995338407,
  "intP50": 2.200201277576742,
  "intP85": 3.7006038327302244,
  "intP95": 4.301509581825562,
  "highIntensitySkipped": 1905,
  "totalEntryAttempts": 6984,
  "runtime_s": 0.3
}