{
  "config": "t6_t8_t5",
  "flags": {
    "P11": true,
    "P7": true,
    "T6": true,
    "T8": true,
    "T5": true
  },
  "trades": 6984,
  "pf": 1.3551483153635449,
  "wr": 68.22737686139749,
  "pnl": 137.00544303606233,
  "mddPct": 2.4368520342358124,
  "sharpe": 5.17824770657146,
  "tpd": 19.4,
  "positivePct": 76.27118644067797,
  "worstWin": -9.377733036658473,
  "worstPct": -1.8755466073316944,
  "runtime_s": 0.3
}