{
  "config": "t6_t5",
  "flags": {
    "P11": true,
    "P7": true,
    "T6": true,
    "T8": false,
    "T5": true
  },
  "trades": 6984,
  "pf": 1.3961696560962122,
  "wr": 68.22737686139749,
  "pnl": 167.95161213184127,
  "mddPct": 2.8782322976640953,
  "sharpe": 5.585832488225841,
  "tpd": 19.4,
  "positivePct": 79.09604519774011,
  "worstWin": -9.771483363920613,
  "worstPct": -1.9542966727841227,
  "runtime_s": 0.3
}