{
  "config": "t10_on",
  "flags": {
    "P11": true,
    "P7": true,
    "T10": true
  },
  "trades": 6984,
  "pf": 1.3289071068327822,
  "wr": 68.22737686139749,
  "pnl": 134.66586363803503,
  "mddPct": 3.4083721412203207,
  "sharpe": 4.4799658267697,
  "tpd": 19.4,
  "positivePct": 72.59887005649718,
  "worstWin": -9.233102605363175,
  "worstPct": -1.846620521072635,
  "totalFees": 380.1318349334319,
  "totalSlip": 98.60300515352125,
  "totalFund": 11.281259631064437,
  "runtime_s": 0.3
}