{
  "config": "t8_on",
  "flags": {
    "P11": true,
    "P7": true,
    "T8": true
  },
  "trades": 6984,
  "pf": 1.2976162405394498,
  "wr": 68.22737686139749,
  "pnl": 129.52707916990704,
  "mddPct": 3.4169253291609554,
  "sharpe": 4.361291440449117,
  "tpd": 19.4,
  "positivePct": 73.1638418079096,
  "worstWin": -9.115691772317074,
  "worstPct": -1.8231383544634148,
  "regimeStats": {
    "0": 1739,
    "1": 2943,
    "2": 2302
  },
  "runtime_s": 0.3
}