{
  "config": "t6_on",
  "flags": {
    "P11": true,
    "P7": true,
    "T6": true
  },
  "trades": 6984,
  "pf": 1.4055998905027147,
  "wr": 68.22737686139749,
  "pnl": 204.23949394427575,
  "mddPct": 3.8495546172346446,
  "sharpe": 5.381116419303472,
  "tpd": 19.4,
  "positivePct": 78.8135593220339,
  "worstWin": -10.81247544024332,
  "worstPct": -2.1624950880486637,
  "runtime_s": 0.3
}