{
  "phase": "1 — CPCV Baseline v42 PRO+",
  "runtime_s": 5.908,
  "config": {
    "n_folds": 15,
    "k_test": 2,
    "n_paths": 105,
    "purge_hours": 3,
    "n_pairs": 15
  },
  "full_sample": {
    "pf": 1.2599950595566742,
    "wr": 49.07275320970042,
    "pnl": 8335.444163644119,
    "n": 701,
    "sharpe": 2.6817543952990457,
    "mdd": 2906.425158968408,
    "dailyRets": [
      -8.512691258168225,
      1113.1244483057967,
      1166.9735602731737,
      -369.69600000000054,
      294.4488108744878,
      -197.24909700423487,
      -307.4100000000002,
      -163.2496924585123,
      338.2721981698536,
      -443.1206616647506,
      -68.00107833964773,
      616.6410370560307,
      456.10250000000144,
      473.55266116040366,
      394.10601667969456,
      -795.8295,
      428.2276989949521,
      856.1949221044914,
      1243.419725892586,
      -231.79499999999993,
      -500.7096570665904,
      -263.89308947978066,
      43.49075927502065,
      -10.112402365464714,
      1199.1536754749454,
      -489.27702459279675,
      -117.08335882665139,
      -255.14273881690588,
      -176.25101450751737,
      -115.89750000000011,
      -98.24233386662874,
      -275.8646393299953,
      -148.3976383900541,
      -226.47229971245554,
      -432.9267281058806,
      247.96744243077796,
      -203.62505809831416,
      137.3401308290749,
      673.0931109104582,
      127.35824043265654,
      457.19587000979527,
      -99.58999999999978,
      -535.9529677449898,
      120.5663396639089,
      -121.46729815613463,
      -242.36887199699942,
      150.71528662420417,
      -34.35981951972231,
      4.988226377635814,
      67.36934389140255,
      -99.43045316764736,
      215.38801055683496,
      155.69927444644165,
      210.95776079464773,
      666.7729608597363,
      141.977401527082,
      -123.08649453035625,
      -425.7878847439636,
      -349.00807943286515,
      -61.56711931608851,
      82.99931176301982,
      -157.5290550507883,
      -419.46323980322484,
      524.2054418071945,
      -286.4174222567127,
      -375.6613196333401,
      -193.85222465369785,
      -343.77414446173105,
      82.16122192982306,
      414.41551874638657,
      575.1572188695869,
      -528.2013567101438,
      156.98519958904285,
      332.6238825143487,
      99.23307558409111,
      1936.8498404673421,
      -115.89750000000046,
      -35.69249999999974,
      926.1920388629087,
      361.00500000000073,
      2132.000000000002,
      -434.5304999999996,
      2.9400000000007367,
      -115.8525000000002,
      355.9329456765563,
      137.3837627436543,
      208.11604096124205,
      24.01831564383862,
      -183.70361347242377,
      307.42865107572663,
      -306.9575102490099,
      94.13251299447238,
      -208.57950000000022,
      6.83048264731066,
      169.3615680392656,
      -94.12745757221131,
      -115.85250000000023,
      -55.35282738947541,
      -385.49355630977834,
      89.24791213867303,
      -625.2436378993475,
      49.00499999999994,
      -98.97450000000035,
      -504.4569207164183,
      432.35250000000076,
      -540.8601387686288,
      142.08300000000037,
      181.31249999999983,
      324.43623398367106,
      -589.1828597302891,
      -363.9147948715313,
      -64.18381914600539,
      147.78359581683563,
      554.1360911982999,
      -193.86785412164204,
      526.5370680668314,
      1239.7519988361698,
      -207.3538796648852,
      -202.35395434334373,
      -179.65264948420906,
      115.491352637895,
      290.23063366601764,
      -386.20918052381234,
      124.79999999999995,
      -461.5343579049139,
      -46.68769900152596
    ]
  },
  "cpcv_distribution": {
    "n_paths": 105,
    "sharpe_mean": -5.413778478938772,
    "sharpe_std": 10.400758946523283,
    "sharpe_p5": -31.84162195757132,
    "sharpe_p50": -3.9085539916790046,
    "sharpe_p95": 8.54176226870012,
    "positive_fraction": 0.3238095238095238
  },
  "deflated_sharpe": {
    "dsr": -16.42051145140211,
    "emax": 26.498237836963035,
    "pvalue": 0,
    "bestSharpe": 9.860988372611008,
    "meanSharpe": -5.413778478938772,
    "stdSharpe": 10.400758946523283
  },
  "pbo": 0.49523809523809526,
  "verdict": "GRAY ZONE — proceed cautiously",
  "path_results_sample": [
    {
      "testFolds": [
        0,
        1
      ],
      "nTrainTrades": 6,
      "nTestTrades": 126,
      "trainSharpe": -10.736750958229981,
      "testSharpe": 5.60244389807214,
      "trainPF": 0.28042019888263314,
      "testPF": 1.4338657787614044,
      "trainPnL": -400.3080000000007,
      "testPnL": 2591.3267560198374,
      "trainWR": 16.666666666666664,
      "testWR": 48.41269841269841
    },
    {
      "testFolds": [
        0,
        2
      ],
      "nTrainTrades": 577,
      "nTestTrades": 122,
      "trainSharpe": 2.210375914424233,
      "testSharpe": 4.2838079284559925,
      "trainPF": 1.2295346439719324,
      "testPF": 1.4195714409373184,
      "trainPnL": 5987.678855651822,
      "testPnL": 2482.635992614765,
      "trainWR": 46.96707105719237,
      "testWR": 50.81967213114754
    },
    {
      "testFolds": [
        0,
        3
      ],
      "nTrainTrades": 562,
      "nTestTrades": 122,
      "trainSharpe": 2.961239359624332,
      "testSharpe": 2.8996688145354033,
      "trainPF": 1.3172371744600393,
      "testPF": 1.2439966308326398,
      "trainPnL": 7827.206033736435,
      "testPnL": 1445.5365688998072,
      "trainWR": 49.11032028469751,
      "testWR": 45.90163934426229
    },
    {
      "testFolds": [
        0,
        4
      ],
      "nTrainTrades": 562,
      "nTestTrades": 128,
      "trainSharpe": 2.3073556789528435,
      "testSharpe": 3.2657927789415115,
      "trainPF": 1.2446475974999622,
      "testPF": 1.2724534554634193,
      "trainPnL": 6217.87510861265,
      "testPnL": 1688.6388355840545,
      "trainWR": 47.686832740213525,
      "testWR": 49.21875
    },
    {
      "testFolds": [
        0,
        5
      ],
      "nTrainTrades": 592,
      "nTestTrades": 99,
      "trainSharpe": 2.922296595992346,
      "testSharpe": 0.9049805422965691,
      "trainPF": 1.3068439774544278,
      "testPF": 1.0694475789904747,
      "trainPnL": 8110.949869455526,
      "testPnL": 352.85975203589805,
      "trainWR": 49.32432432432432,
      "testWR": 42.42424242424242
    },
    {
      "testFolds": [
        0,
        6
      ],
      "nTrainTrades": 258,
      "nTestTrades": 112,
      "trainSharpe": -0.4652830726435839,
      "testSharpe": 4.999365793107906,
      "trainPF": 0.9628135544153494,
      "testPF": 1.441041167168183,
      "trainPnL": -510.0484379997506,
      "testPnL": 2093.680551481165,
      "trainWR": 39.922480620155035,
      "testWR": 50.89285714285714
    },
    {
      "testFolds": [
        0,
        7
      ],
      "nTrainTrades": 577,
      "nTestTrades": 118,
      "trainSharpe": 2.8653258240416943,
      "testSharpe": 2.821700604055241,
      "trainPF": 1.3075751220251868,
      "testPF": 1.2431713269797902,
      "trainPnL": 8179.370338892244,
      "testPnL": 1322.930870618553,
      "trainWR": 48.7001733102253,
      "testWR": 47.45762711864407
    },
    {
      "testFolds": [
        0,
        8
      ],
      "nTrainTrades": 592,
      "nTestTrades": 107,
      "trainSharpe": 2.7758927948698893,
      "testSharpe": 5.055643089851621,
      "trainPF": 1.3136388144242859,
      "testPF": 1.4641900916319552,
      "trainPnL": 8462.086929895071,
      "testPnL": 2132.1731799762083,
      "trainWR": 47.97297297297297,
      "testWR": 54.20560747663551
    },
    {
      "testFolds": [
        0,
        9
      ],
      "nTrainTrades": 571,
      "nTestTrades": 118,
      "trainSharpe": 0.8826011094917892,
      "testSharpe": 9.860988372611008,
      "trainPF": 1.0794057039901968,
      "testPF": 2.1199239078074035,
      "trainPnL": 2211.8478551332955,
      "testPnL": 5055.828390521045,
      "trainWR": 43.957968476357266,