{
  "phase": "2 — Feature Revolution",
  "runtime_s": 5.349,
  "n_pairs": 15,
  "fracdiff": {
    "ADAUSDT": {
      "d_close": 0.3,
      "d_vol": 0.05
    },
    "ARBUSDT": {
      "d_close": 0.3,
      "d_vol": 0.05
    },
    "ETHUSDT": {
      "d_close": 0.25,
      "d_vol": 0.05
    },
    "XRPUSDT": {
      "d_close": 0.2,
      "d_vol": 0.05
    },
    "BTCUSDT": {
      "d_close": 0.25,
      "d_vol": 0.05
    },
    "1000PEPEUSDT": {
      "d_close": 0.2,
      "d_vol": 0.05
    },
    "ATOMUSDT": {
      "d_close": 0.25,
      "d_vol": 0.05
    },
    "LINKUSDT": {
      "d_close": 0.25,
      "d_vol": 0.05
    },
    "SOLUSDT": {
      "d_close": 0.25,
      "d_vol": 0.05
    },
    "LTCUSDT": {
      "d_close": 0.2,
      "d_vol": 0.05
    },
    "DOTUSDT": {
      "d_close": 0.25,
      "d_vol": 0.05
    },
    "NEARUSDT": {
      "d_close": 0.2,
      "d_vol": 0.05
    },
    "AVAXUSDT": {
      "d_close": 0.25,
      "d_vol": 0.05
    },
    "DOGEUSDT": {
      "d_close": 0.25,
      "d_vol": 0.05
    },
    "BNBUSDT": {
      "d_close": 0.2,
      "d_vol": 0.05
    }
  },
  "bars": {
    "ADAUSDT": {
      "n_dollar": 12717,
      "n_imbal": 1711,
      "time1h": {
        "skew": -0.7610964426116138,
        "kurt": 20.90245521332423,
        "ac1": 0.027092893282146348
      },
      "dollar": {
        "skew": -2.6825025691377484,
        "kurt": 236.64613668872298,
        "ac1": 0.10636787874082292
      },
      "imbal": {
        "skew": 1.828940379971533,
        "kurt": 83.59945017009956,
        "ac1": 0.11954246844954958
      }
    },
    "ARBUSDT": {
      "n_dollar": 12662,
      "n_imbal": 1736,
      "time1h": {
        "skew": -2.2949312660031302,
        "kurt": 61.182826354700794,
        "ac1": 0.040457925895596915
      },
      "dollar": {
        "skew": -11.29319371379103,
        "kurt": 1047.4564481296532,
        "ac1": 0.025531576667869565
      },
      "imbal": {
        "skew": 0.8047657746768012,
        "kurt": 52.9218843335392,
        "ac1": -0.10141906890568332
      }
    },
    "ETHUSDT": {
      "n_dollar": 12811,
      "n_imbal": 1627,
      "time1h": {
        "skew": 0.021645476251125447,
        "kurt": 11.07910449352399,
        "ac1": 0.024199781406565767
      },
      "dollar": {
        "skew": 0.14069069968199588,
        "kurt": 7.113947303634217,
        "ac1": -0.010326178098189151
      },
      "imbal": {
        "skew": 0.08842555971686226,
        "kurt": 4.053107625365222,
        "ac1": -0.023323057444706377
      }
    },
    "XRPUSDT": {
      "n_dollar": 12832,
      "n_imbal": 1543,
      "time1h": {
        "skew": -0.05269614549422013,
        "kurt": 11.063688957659407,
        "ac1": 0.01796047673539817
      },
      "dollar": {
        "skew": -0.13404743924961854,
        "kurt": 194.2630104306453,
        "ac1": 0.032888393069855866
      },
      "imbal": {
        "skew": 1.8033750702879194,
        "kurt": 41.05386933336868,
        "ac1": 0.08125700431610264
      }
    },
    "BTCUSDT": {
      "n_dollar": 12828,
      "n_imbal": 1903,
      "time1h": {
        "skew": -0.3079755707520885,
        "kurt": 11.018790120421976,
        "ac1": 0.006494106458184516
      },
      "dollar": {
        "skew": -0.16418434664449602,
        "kurt": 8.022618654286479,
        "ac1": -0.02053987768004016
      },
      "imbal": {
        "skew": 0.15576078559773854,
        "kurt": 4.682650970593245,
        "ac1": 0.03358826800687946
      }
    },
    "1000PEPEUSDT": {
      "n_dollar": 12807,
      "n_imbal": 1605,
      "time1h": {
        "skew": -0.5227816417574039,
        "kurt": 20.964172831385238,
        "ac1": 0.022083521723698884
      },
      "dollar": {
        "skew": 0.5941496607672601,
        "kurt": 456.85038047866936,
        "ac1": 0.027685103987585877
      },
      "imbal": {
        "skew": 3.470320015148949,
        "kurt": 213.05218163651998,
        "ac1": -0.1342068589964825
      }
    },
    "ATOMUSDT": {
      "n_dollar": 12676,
      "n_imbal": 1995,
      "time1h": {
        "skew": -3.5780419136447534,
        "kurt": 105.33262207965689,
        "ac1": 0.026769294931881335
      },
      "dollar": {
        "skew": -3.698369735676339,
        "kurt": 159.69232968461958,
        "ac1": 0.1633762468169606
      },
      "imbal": {
        "skew": -2.153624250078834,
        "kurt": 63.84362807453156,
        "ac1": 0.14985703980520923
      }
    },
    "LINKUSDT": {
      "n_dollar": 12757,
      "n_imbal": 1609,
      "time1h": {
        "skew": -0.5334735058040629,
        "kurt": 17.63634342122632,
        "ac1": 0.01819504753228551
      },
      "dollar": {
        "skew": -3.0279552387392283,
        "kurt": 144.1348797241279,
        "ac1": 0.08183297658794415
      },
      "imbal": {
        "skew": -3.282879161548981,
        "kurt": 165.38861123543683,
        "ac1": 0.12510286823967937
      }
    },
    "SOLUSDT": {
      "n_dollar": 12938,
      "n_imbal": 1568,
      "time1h": {
        "skew": -0.2714707214584087,
        "kurt": 8.244329952981346,
        "ac1": 0.018831101964689522
      },
      "dollar": {
        "skew": -0.07866722527342758,
        "kurt": 31.09180256726074,
        "ac1": -0.004580133943042641
      },
      "imbal": {
        "skew": 0.36968469249278413,
        "kurt": 6.166826311609011,
        "ac1": -0.00399934385492212
      }
    },
    "LTCUSDT": {
      "n_dollar": 12605,
      "n_imbal": 1993,
      "time1h": {
        "skew": -2.109323600626297,
        "kurt": 78.96552058734517,
        "ac1": 0.030470761231106754
      },
      "dollar": {
        "skew": -5.223372759798463,
        "kurt": 332.91904058545725,
        "ac1": 0.12729042251658346
      },
      "imbal": {
        "skew": 0.05714169384165747,
        "kurt": 79.56091950284709,
        "ac1": 0.12203861043697066
      }
    },
    "DOTUSDT": {
      "n_dollar": 12733,
      "n_imbal": 1770,
      "time1h": {
        "skew": -2.8257096380827074,
        "kurt": 84.60420168666543,
        "ac1": 0.044306154735920415
      },
      "dollar": {
        "skew": -10.24737944510797,
        "kurt": 653.232479745725,
        "ac1": 0.3016097989914127
      },
      "imbal": {
        "skew": 4.462529488593032,
        "kurt": 204.2400596145932,
        "ac1": 0.19198846231424557
      }
    },
    "NEARUSDT": {
      "n_dollar": 12781,
      "n_imbal": 1832,
      "time1h": {
        "skew": -0.5542122687877354,
        "kurt": 18.942071420903154,
        "ac1": 0.005448746431311379
      },
      "dollar": {
        "skew": -0.8118710988497226,
        "kurt": 53.91287053731907,
        "ac1": 0.04706431537947521
      },
      "imbal": {
        "skew": 0.25327484109958387,
        "kurt": 15.586116352561374,
        "ac1": 0.03727421882969996
      }
    },
    "AVAXUSDT": {
      "n_dollar": 12846,
      "n_imbal": 1861,
      "time1h": {
        "skew": -0.5035076598892286,
        "kurt": 18.02825955989164,
        "ac1": 0.03861828904703407
      },
      "dollar": {
        "skew": 3.9465220110971115,
        "kurt": 711.920058077805,
        "ac1": 0.20546153308565257
      },
      "imbal": {
        "skew": 5.301539453837355,
        "kurt": 308.29710944408953,
        "ac1": -0.046012483903079854
      }
    },
    "DOGEUSDT": {
      "n_dollar": 12742,
      "n_imbal": 1639,
      "time1h": {
        "skew": -0.9530160508274419,
        "kurt": 25.324648083893997,
        "ac1": 0.009960669736549285
      },
      "dollar": {
        "skew": -3.0088352568456664,
        "kurt": 129.45047907183914,
        "ac1": 0.0594572406404182
      },
      "imbal": {
        "skew": 1.824262848130542,
        "kurt": 136.23803909316325,
        "ac1": -0.1923971856137706
      }
    },
    "BNBUSDT": {
      "n_dollar": 12523,
      "n_imbal": 1935,
      "time1h": {
        "skew": -0.7079684346926194,
        "kurt": 14.614141454709133,
        "ac1": 0.015558602066595855
      },