{
  "phase": "5 — Orthogonal Streams",
  "runtime_s": 4.665,
  "funding_carry": {
    "aggregate": {
      "pf": 1.4139978581643036,
      "wr": 67.88895794489332,
      "pnl": 106.17340593072953,
      "n": 4827,
      "sharpe": 5.676292160619201,
      "mdd": 7.252021162108683
    },
    "per_pair": {
      "ADAUSDT": {
        "pf": 1.6729692888539702,
        "wr": 71.51702786377709,
        "pnl": 10.329960832178935,
        "n": 323,
        "sharpe": 6.6769918271681465,
        "mdd": 1.0639946304097219
      },
      "ARBUSDT": {
        "pf": 2.0242055116878044,
        "wr": 75.22658610271903,
        "pnl": 14.048494161911597,
        "n": 331,
        "sharpe": 9.451830447878049,
        "mdd": 0.5042295352969877
      },
      "ETHUSDT": {
        "pf": 1.1419076204737197,
        "wr": 63.141025641025635,
        "pnl": 2.696731402361962,
        "n": 312,
        "sharpe": 1.6818049604743555,
        "mdd": 2.0969250517095688
      },
      "XRPUSDT": {
        "pf": 1.2726731906025301,
        "wr": 65.63467492260062,
        "pnl": 5.024490174490776,
        "n": 323,
        "sharpe": 3.163105030336279,
        "mdd": 1.3228679289823269
      },
      "BTCUSDT": {
        "pf": 0.737356385258475,
        "wr": 52,
        "pnl": -5.996736592217726,
        "n": 300,
        "sharpe": -3.7006044343209554,
        "mdd": 6.973340527688802
      },
      "1000PEPEUSDT": {
        "pf": 2.3425924044505093,
        "wr": 77.84615384615384,
        "pnl": 16.201945134468687,
        "n": 325,
        "sharpe": 11.702441393703518,
        "mdd": 0.621788419373587
      },
      "ATOMUSDT": {
        "pf": 1.5047346601376013,
        "wr": 69.30379746835443,
        "pnl": 8.145343844579767,
        "n": 316,
        "sharpe": 4.912868614024319,
        "mdd": 1.212584075733919
      },
      "LINKUSDT": {
        "pf": 1.6782030301168442,
        "wr": 71.5625,
        "pnl": 10.297488585620261,
        "n": 320,
        "sharpe": 6.490593956901973,
        "mdd": 0.784588356410012
      },
      "SOLUSDT": {
        "pf": 1.3850849484281442,
        "wr": 67.44186046511628,
        "pnl": 7.146522307380387,
        "n": 344,
        "sharpe": 3.984637126342999,
        "mdd": 1.9293893211457398
      },
      "LTCUSDT": {
        "pf": 1.4331005184043568,
        "wr": 68.25396825396825,
        "pnl": 7.195966185440842,
        "n": 315,
        "sharpe": 4.348035460638704,
        "mdd": 0.8930282048395721
      },
      "DOTUSDT": {
        "pf": 1.5833494833844703,
        "wr": 70.35830618892508,
        "pnl": 8.816741791175929,
        "n": 307,
        "sharpe": 5.424850384393396,
        "mdd": 1.0993040706893717
      },
      "NEARUSDT": {
        "pf": 1.735955085896443,
        "wr": 72.27138643067846,
        "pnl": 11.566225876660678,
        "n": 339,
        "sharpe": 6.794352127030933,
        "mdd": 0.899942696615879
      },
      "AVAXUSDT": {
        "pf": 1.1823656514172047,
        "wr": 64.15094339622641,
        "pnl": 3.44968126841367,
        "n": 318,
        "sharpe": 1.9013192988776861,
        "mdd": 2.109089873849836
      },
      "DOGEUSDT": {
        "pf": 1.4824640539323295,
        "wr": 68.9969604863222,
        "pnl": 8.201006145282427,
        "n": 329,
        "sharpe": 5.472403175672973,
        "mdd": 1.3968177977139202
      },
      "BNBUSDT": {
        "pf": 0.956447833767018,
        "wr": 59.07692307692308,
        "pnl": -0.9504551870186653,
        "n": 325,
        "sharpe": -0.5437443388164171,
        "mdd": 2.471889246474901
      }
    }
  },
  "post_liq_fade": {
    "aggregate": {
      "pf": 0.6526998151002124,
      "wr": 59.69664138678223,
      "pnl": -131.50154412034635,
      "n": 923,
      "sharpe": -3.1799668707434154,
      "mdd": 137.45482652596615
    },
    "per_pair": {
      "ADAUSDT": {
        "pf": 0.5653203879886403,
        "wr": 56.92307692307692,
        "pnl": -12.308666728964454,
        "n": 65,
        "sharpe": -3.8198525804577423,
        "mdd": 14.088583297592992
      },
      "ARBUSDT": {
        "pf": 1.0132755986018038,
        "wr": 63.63636363636363,
        "pnl": 0.32689661905643064,
        "n": 66,
        "sharpe": 0.1327025720467196,
        "mdd": 6.837663030493377
      },
      "ETHUSDT": {
        "pf": 0.6408142702748754,
        "wr": 56.52173913043478,
        "pnl": -9.101782451030264,
        "n": 69,
        "sharpe": -3.813398210393533,
        "mdd": 11.490356775455057
      },
      "XRPUSDT": {
        "pf": 0.6665686627609234,
        "wr": 61.53846153846154,
        "pnl": -6.644035036777526,
        "n": 52,
        "sharpe": -4.409468388433582,
        "mdd": 9.044085480998296
      },
      "BTCUSDT": {
        "pf": 1.064053874219168,
        "wr": 67.85714285714286,
        "pnl": 0.37570746341726213,
        "n": 28,
        "sharpe": 0.6110271503854745,
        "mdd": 2.4579951561486264
      },
      "1000PEPEUSDT": {
        "pf": 0.5509558076796919,
        "wr": 54.83870967741935,
        "pnl": -19.466671835122217,
        "n": 93,
        "sharpe": -5.736635446178746,
        "mdd": 20.777604810268283
      },
      "ATOMUSDT": {
        "pf": 1.192793422067361,
        "wr": 73.07692307692307,
        "pnl": 2.7499782452034207,
        "n": 52,
        "sharpe": 1.5345981616207898,
        "mdd": 3.6964961870195023
      },
      "LINKUSDT": {
        "pf": 0.5173261140934363,
        "wr": 55.55555555555556,
        "pnl": -16.055649416145517,
        "n": 72,
        "sharpe": -4.962859805991738,
        "mdd": 16.41776152012602
      },
      "SOLUSDT": {
        "pf": 0.5890230085573721,
        "wr": 56.92307692307692,
        "pnl": -10.966730906589765,
        "n": 65,
        "sharpe": -4.931827696691987,
        "mdd": 15.424408860932706
      },
      "LTCUSDT": {
        "pf": 0.8725757932448155,
        "wr": 68.33333333333333,
        "pnl": -2.823698783058312,
        "n": 60,
        "sharpe": -1.1584437799001293,
        "mdd": 9.052168912756533
      },
      "DOTUSDT": {
        "pf": 0.44042169185176777,
        "wr": 56.25,
        "pnl": -19.39223841813379,
        "n": 64,
        "sharpe": -5.07047137369092,
        "mdd": 21.641758248186502
      },
      "NEARUSDT": {
        "pf": 0.6216397805830333,
        "wr": 62.5,
        "pnl": -10.72024724937108,
        "n": 64,
        "sharpe": -3.9344634555800084,
        "mdd": 13.691807098908864
      },
      "AVAXUSDT": {
        "pf": 0.3337358342950763,
        "wr": 40.98360655737705,
        "pnl": -24.31569778169534,
        "n": 61,
        "sharpe": -8.953299929357726,
        "mdd": 24.315697781695345
      },
      "DOGEUSDT": {
        "pf": 0.7746666931346134,
        "wr": 64.28571428571429,
        "pnl": -6.815953682601986,
        "n": 84,
        "sharpe": -2.6744110893996385,
        "mdd": 10.901549879068892
      },
      "BNBUSDT": {
        "pf": 1.7155419982845157,
        "wr": 71.42857142857143,
        "pnl": 3.6572458414665414,
        "n": 28,
        "sharpe": 4.74132375668338,
        "mdd": 3.7147593491901727
      }
    }
  },
  "correlation": {
    "funding_vs_liq": 0.02032705358983203
  },
  "verdict_funding": "ACCEPT",
  "verdict_liq": "REJECT"
}